{"loss": [0.693127453327179, 0.6840015053749084, 0.6841837763786316, 0.6745840311050415, 0.6732932329177856], "acc": [0.5234375, 0.565625011920929, 0.557812511920929, 0.6015625, 0.596875011920929], "val_loss": [0.6905534863471985, 0.6903147101402283, 0.6852806806564331, 0.6797499656677246, 0.6801461577415466], "val_acc": [0.5612499713897705, 0.5067187547683716, 0.5581250190734863, 0.6060937643051147, 0.6165624856948853]}